"Case","Input","Version","Run","SolutionLength","Expanded","Generated","SearchSeconds","ExitCode","Pass","Failure"
"solved","12345671111111","Original","1","0","0","0","0","0","True",""
"solved","12345671111111","Optimized","1","0","0","0","0","0","True",""
"solved","12345671111111","Original","2","0","0","0","0","0","True",""
"solved","12345671111111","Optimized","2","0","0","0","0","0","True",""
"solved","12345671111111","Original","3","0","0","0","0","0","True",""
"solved","12345671111111","Optimized","3","0","0","0","0","0","True",""
"short","25314672313211","Original","1","1","1","3","0","0","True",""
"short","25314672313211","Optimized","1","1","1","3","0","0","True",""
"short","25314672313211","Original","2","1","1","3","0","0","True",""
"short","25314672313211","Optimized","2","1","1","3","0","0","True",""
"short","25314672313211","Original","3","1","1","3","0","0","True",""
"short","25314672313211","Optimized","3","1","1","3","0","0","True",""
"depth11","21345671111111","Original","1","11","38998","233961","0.014","0","True",""
"depth11","21345671111111","Optimized","1","11","38998","233961","0.002","0","True",""
"depth11","21345671111111","Original","2","11","38998","233961","0.014","0","True",""
"depth11","21345671111111","Optimized","2","11","38998","233961","0.002","0","True",""
"depth11","21345671111111","Original","3","11","38998","233961","0.014","0","True",""
"depth11","21345671111111","Optimized","3","11","38998","233961","0.002","0","True",""
