"ElapsedMs","PrivateBytes"
"8","2560000"
"30","8577024"
"46","17907712"
"62","26714112"
"77","32251904"
"108","48615424"
"139","55947264"
"170","65380352"
"200","75055104"
"231","92418048"
"261","92418048"
"276","92418048"
"291","92418048"
"307","92418048"
"322","92418048"
"337","92418048"
"353","92418048"
"368","92418048"
"383","92418048"
"398","92418048"
"414","92418048"
"430","92418048"
"445","92418048"
"460","92418048"
"476","92418048"
"491","92418048"
"507","92418048"
"522","92418048"
"538","92299264"
