"Test","GuestBytes","Run","SampledPeakPrivateBytes","Samples","RetiredInstructions"
"control","4","1","4763648","22","10485761"
"control","4","2","4747264","25","10485761"
"control","4","3","4804608","25","10485761"
"1MiB","1048576","1","92524544","34","6291473"
"1MiB","1048576","2","92561408","34","6291473"
"1MiB","1048576","3","92418048","29","6291473"
"4MiB","4194304","1","354852864","67","6291461"
"4MiB","4194304","2","354820096","69","6291461"
"4MiB","4194304","3","354881536","69","6291461"
